Number,Street,City,State,Zip,lat,lng
1,Floral Park Ct,North Potomac,MD,20850,39.0895731,-77.2177244
1,Pinto Ct,Rockville,MD,20850,39.0979569,-77.2099542
1,Yearling Court,Rockville,MD,20850,39.0959798,-77.212694
2,Floral Park Ct,North Potomac,MD,20850,39.0899458,-77.2180163
2,Pinto Ct,Rockville,MD,20850,39.0977418,-77.2098195
2,Yearling Court,Rockville,MD,20850,39.0957245,-77.2129186
5,Floral Park Ct,North Potomac,MD,20850,39.0896984,-77.21741
5,Pinto Ct,Rockville,MD,20850,39.0979969,-77.2103136
5,Yearling Court,Rockville,MD,20850,39.0961548,-77.2128288
6,Floral Park Ct,North Potomac,MD,20850,39.0902186,-77.2177693
6,Pinto Ct,Rockville,MD,20850,39.0975567,-77.2099542
6,Yearling Court,Rockville,MD,20850,39.0957194,-77.213233
9,Floral Park Ct,North Potomac,MD,20850,39.0899987,-77.2172303
9,Pinto Ct,Rockville,MD,20850,39.0979517,-77.210628
9,Yearling Court,Rockville,MD,20850,39.0962298,-77.2131432
10,Floral Park Ct,North Potomac,MD,20850,39.0901788,-77.21741
10,Pinto Ct,Rockville,MD,20850,39.0974715,-77.2102686
10,Yearling Court,Rockville,MD,20850,39.0958995,-77.2134127
13,Yearling Court,Rockville,MD,20850,39.0963748,-77.2133678
14,Yearling Court,Rockville,MD,20850,39.0960845,-77.2136372
17,Yearling Court,Rockville,MD,20850,39.0964798,-77.2135923
18,Yearling Court,Rockville,MD,20850,39.0962345,-77.2139067
21,Yearling Court,Rockville,MD,20850,39.0967099,-77.2138618
22,Yearling Court,Rockville,MD,20850,39.0964196,-77.2141313
10100,Chariot Court,Rockville,MD,20850,39.0969113,-77.2099093
10104,Chariot Court,Rockville,MD,20850,39.0970563,-77.2101339
10105,Chariot Court,Rockville,MD,20850,39.0970162,-77.2104932
10108,Chariot Court,Rockville,MD,20850,39.0965609,-77.2103585
10201,Nolan Drive,Rockville,MD,20850,39.0930132,-77.2108525
10206,Nolan Drive,Rockville,MD,20850,39.092056,-77.211696
10208,Nolan Drive,Rockville,MD,20850,39.092564,-77.211838
10208,Yearling Drive,Rockville,MD,20850,39.0980111,-77.2122432
10209,Nolan Drive,Rockville,MD,20850,39.0932483,-77.2111669
10209,Yearling Drive,Rockville,MD,20850,39.0977563,-77.2117508
10210,Nolan Drive,Rockville,MD,20850,39.092662,-77.212035
10211,Nolan Drive,Rockville,MD,20850,39.0933883,-77.2113466
10212,Nolan Drive,Rockville,MD,20850,39.092764,-77.212235
10213,Yearling Drive,Rockville,MD,20850,39.0975361,-77.2119305
10214,Nolan Drive,Rockville,MD,20850,39.0933042,-77.211921
10215,Nolan Drive,Rockville,MD,20850,39.0935184,-77.2114364
10216,Nolan Drive,Rockville,MD,20850,39.092861,-77.212429
10217,Nolan Drive,Rockville,MD,20850,39.0935183,-77.2117957
10218,Nolan Drive,Rockville,MD,20850,39.092961,-77.212619
10218,Yearling Drive,Rockville,MD,20850,39.0976258,-77.2130983
10221,Nolan Drive,Rockville,MD,20850,39.0935733,-77.2119305
10222,Nolan Drive,Rockville,MD,20850,39.093066,-77.212814
10222,Yearling Drive,Rockville,MD,20850,39.0974556,-77.2133678
10225,Nolan Drive,Rockville,MD,20850,39.0936783,-77.2121551
10225,Yearling Drive,Rockville,MD,20850,39.0969953,-77.2131881
10226,Yearling Drive,Rockville,MD,20850,39.0973604,-77.2135923
10229,Nolan Drive,Rockville,MD,20850,39.0938584,-77.2123347
10229,Yearling Drive,Rockville,MD,20850,39.0968751,-77.2135474
10230,Yearling Drive,Rockville,MD,20850,39.0972653,-77.2138169
10233,Nolan Drive,Rockville,MD,20850,39.0939183,-77.2125144
10234,Yearling Drive,Rockville,MD,20850,39.0971751,-77.2140864
10237,Nolan Drive,Rockville,MD,20850,39.0941285,-77.2126042
10239,Nolan Drive,Rockville,MD,20850,39.0941934,-77.2128288
10241,Yearling Drive,Rockville,MD,20850,39.0962944,-77.2144457
10245,Nolan Drive,Rockville,MD,20850,39.0942935,-77.2130084
10245,Yearling Drive,Rockville,MD,20850,39.0961192,-77.2146703
10246,Nolan Drive,Rockville,MD,20850,39.093643,-77.213956
10248,Nolan Drive,Rockville,MD,20850,39.093741,-77.214149
10249,Nolan Drive,Rockville,MD,20850,39.0944335,-77.2131881
10249,Yearling Drive,Rockville,MD,20850,39.095984,-77.2148948
10253,Nolan Drive,Rockville,MD,20850,39.0944834,-77.2136372
10256,Nolan Drive,Rockville,MD,20850,39.09417,-77.214497
10259,Nolan Drive,Rockville,MD,20850,39.0946734,-77.2139067
10260,Nolan Drive,Rockville,MD,20850,39.094008,-77.215076
10261,Nolan Drive,Rockville,MD,20850,39.0951439,-77.2134576
10263,Nolan Drive,Rockville,MD,20850,39.0952939,-77.2137271
10264,Nolan Drive,Rockville,MD,20850,39.094455,-77.215039
10267,Nolan Drive,Rockville,MD,20850,39.0948934,-77.2144457
10278,Nolan Drive,Rockville,MD,20850,39.094821,-77.215466
10301,Nolan Drive,Rockville,MD,20850,39.095165,-77.215812
10301,Yearling Drive,Rockville,MD,20850,39.096279,-77.216204
10305,Nolan Drive,Rockville,MD,20850,39.0953135,-77.2149847
10305,Yearling Drive,Rockville,MD,20850,39.096293,-77.216881
10309,Nolan Drive,Rockville,MD,20850,39.0955887,-77.2149397
10309,Yearling Drive,Rockville,MD,20850,39.095899,-77.217463
10311,Yearling Drive,Rockville,MD,20850,39.095592,-77.2176
10312,Yearling Drive,Rockville,MD,20850,39.09563,-77.216984
10313,Yearling Drive,Rockville,MD,20850,39.0952849,-77.217611
10315,Yearling Drive,Rockville,MD,20850,39.095067,-77.217453
10316,Yearling Drive,Rockville,MD,20850,39.0954727,-77.2167181
10317,Yearling Drive,Rockville,MD,20850,39.094935,-77.217161
10318,Yearling Drive,Rockville,MD,20850,39.095381,-77.216449
10319,Yearling Drive,Rockville,MD,20850,39.094813,-77.216919
10320,Yearling Drive,Rockville,MD,20850,39.095232,-77.21622
10321,Yearling Drive,Rockville,MD,20850,39.0946349,-77.216688
10322,Yearling Drive,Rockville,MD,20850,39.09486,-77.216036
10323,Yearling Drive,Rockville,MD,20850,39.094516,-77.216303
10400,Quietwood Ter,North Potomac,MD,20850,39.0919914,-77.2157025
10401,Snapdragon Pl,North Potomac,MD,20850,39.0933366,-77.2162871
10402,Snapdragon Pl,North Potomac,MD,20850,39.0937919,-77.2164219
10404,Quietwood Ter,North Potomac,MD,20850,39.0919914,-77.2157025
10405,Quietwood Drive,North Potomac,MD,20850,39.0925865,-77.2149397
10405,Quietwood Ter,North Potomac,MD,20850,39.0925865,-77.2149397
10405,Snapdragon Pl,North Potomac,MD,20850,39.0932967,-77.2159278
10406,Snapdragon Pl,North Potomac,MD,20850,39.0939221,-77.2161524
10408,Quietwood Ter,North Potomac,MD,20850,39.0919914,-77.2157025
10409,Quietwood Drive,North Potomac,MD,20850,39.0924864,-77.2151194
10409,Quietwood Ter,North Potomac,MD,20850,39.0924864,-77.2151194
10409,Snapdragon Pl,North Potomac,MD,20850,39.0934494,-77.2156808
10410,Snapdragon Pl,North Potomac,MD,20850,39.0938521,-77.2158829
10412,Quietwood Ter,North Potomac,MD,20850,39.0919914,-77.2157025
10413,Quietwood Ter,North Potomac,MD,20850,39.0923112,-77.215344
10600,Outpost Drive,North Potomac,MD,20850,39.0903441,-77.2167363
10601,Floral Park Lane,North Potomac,MD,20850,39.089168,-77.2173201
10602,Outpost Drive,North Potomac,MD,20850,39.0905242,-77.2169159
10604,Floral Park Lane,North Potomac,MD,20850,39.0889026,-77.2178142
10604,Outpost Drive,North Potomac,MD,20850,39.0907168,-77.2170282
10605,Floral Park Lane,North Potomac,MD,20850,39.0893355,-77.2175672
10606,Outpost Drive,North Potomac,MD,20850,39.0909144,-77.2171854
10608,Floral Park Lane,North Potomac,MD,20850,39.0891227,-77.2179938
10610,Outpost Drive,North Potomac,MD,20850,39.0913246,-77.2176345
10612,Floral Park Lane,North Potomac,MD,20850,39.0893153,-77.2181061
10612,Outpost Drive,North Potomac,MD,20850,39.0914296,-77.2178591
10614,Outpost Drive,North Potomac,MD,20850,39.0915445,-77.2181735
10616,Floral Park Lane,North Potomac,MD,20850,39.0895579,-77.2183082
10620,Floral Park Lane,North Potomac,MD,20850,39.089733,-77.218443
10620,Outpost Drive,North Potomac,MD,20850,39.0915368,-77.2186451
10621,Floral Park Lane,North Potomac,MD,20850,39.0901384,-77.2181286
10624,Floral Park Lane,North Potomac,MD,20850,39.0899931,-77.2186226
10625,Floral Park Lane,North Potomac,MD,20850,39.0904162,-77.2179265
10628,Floral Park Lane,North Potomac,MD,20850,39.0901983,-77.2186675
10632,Floral Park Lane,North Potomac,MD,20850,39.090496,-77.2186451
10636,Floral Park Lane,North Potomac,MD,20850,39.0907288,-77.218398
10700,Pebblewood Place,North Potomac,MD,20850,39.0937804,-77.2202843
10705,Pebblewood Place,North Potomac,MD,20850,39.0942408,-77.2201047
10713,Pebblewood Place,North Potomac,MD,20850,39.0943457,-77.2206885
11000,Potomac Oaks Drive,Rockville,MD,20850,39.0848068,-77.2231137
11002,Potomac Oaks Drive,Rockville,MD,20850,39.0847066,-77.2232934
11004,Potomac Oaks Drive,Rockville,MD,20850,39.0846515,-77.2235179
11005,Potomac Oaks Drive,Rockville,MD,20850,39.0850218,-77.2236078
11006,Potomac Oaks Drive,Rockville,MD,20850,39.0845963,-77.2237425
11007,Potomac Oaks Drive,Rockville,MD,20850,39.0849616,-77.2237874
11008,Potomac Oaks Drive,Rockville,MD,20850,39.0845186,-77.2239446
11009,Potomac Oaks Drive,Rockville,MD,20850,39.0849015,-77.223967
11011,Potomac Oaks Drive,Rockville,MD,20850,39.0848463,-77.2241916
11100,Potomac Oaks Drive,Rockville,MD,20850,39.084333,-77.224444
11101,Potomac Oaks Drive,Rockville,MD,20850,39.0846785,-77.2246631
11102,Potomac Oaks Drive,Rockville,MD,20850,39.0842556,-77.2246407
11103,Potomac Oaks Drive,Rockville,MD,20850,39.0846008,-77.2248652
11104,Potomac Oaks Drive,Rockville,MD,20850,39.0842355,-77.2248203
11105,Potomac Oaks Drive,Rockville,MD,20850,39.0845406,-77.2250449
11106,Potomac Oaks Drive,Rockville,MD,20850,39.0841353,-77.225
11107,Potomac Oaks Drive,Rockville,MD,20850,39.084498,-77.2252021
11108,Potomac Oaks Drive,Rockville,MD,20850,39.0840752,-77.2251796
11110,Potomac Oaks Drive,Rockville,MD,20850,39.08402,-77.2254042
11111,Potomac Oaks Drive,Rockville,MD,20850,39.0843076,-77.2256512
11112,Potomac Oaks Drive,Rockville,MD,20850,39.0839198,-77.2255838
11113,Potomac Oaks Drive,Rockville,MD,20850,39.0842475,-77.2258308
11114,Potomac Oaks Drive,Rockville,MD,20850,39.0838597,-77.2257634
11115,Potomac Oaks Drive,Rockville,MD,20850,39.0841698,-77.2260329
11116,Potomac Oaks Drive,Rockville,MD,20850,39.0838396,-77.2259431
11117,Potomac Oaks Drive,Rockville,MD,20850,39.0841097,-77.2262125
11119,Potomac Oaks Drive,Rockville,MD,20850,39.0840671,-77.2263697
11121,Potomac Oaks Drive,Rockville,MD,20850,39.0839944,-77.2266167
11122,Potomac Oaks Drive,Rockville,MD,20850,39.0836542,-77.2264371
11123,Potomac Oaks Drive,Rockville,MD,20850,39.0839342,-77.2267963
11124,Potomac Oaks Drive,Rockville,MD,20850,39.083594,-77.2266167
11126,Potomac Oaks Drive,Rockville,MD,20850,39.0835339,-77.2267963
11128,Potomac Oaks Drive,Rockville,MD,20850,39.0834787,-77.2270209
11130,Potomac Oaks Drive,Rockville,MD,20850,39.0833785,-77.2272005
11201,Potomac Oaks Drive,Rockville,MD,20850,39.0836536,-77.2275149
11203,Potomac Oaks Drive,Rockville,MD,20850,39.0836285,-77.2276496
11212,Potomac Oaks Drive,Rockville,MD,20850,39.083123,-77.2277843
11214,Potomac Oaks Drive,Rockville,MD,20850,39.0830728,-77.2280538
11215,Potomac Oaks Drive,Rockville,MD,20850,39.083498,-77.227969
11216,Potomac Oaks Drive,Rockville,MD,20850,39.0829425,-77.2283232
11217,Potomac Oaks Drive,Rockville,MD,20850,39.0834431,-77.2281436
11218,Potomac Oaks Drive,Rockville,MD,20850,39.0828874,-77.2285478
11219,Potomac Oaks Drive,Rockville,MD,20850,39.083418,-77.2282783
11221,Potomac Oaks Drive,Rockville,MD,20850,39.0833579,-77.228458
11223,Potomac Oaks Drive,Rockville,MD,20850,39.0832927,-77.2285927
11225,Potomac Oaks Drive,Rockville,MD,20850,39.0832676,-77.2287274
11228,Potomac Oaks Drive,Rockville,MD,20850,39.0827621,-77.2288621
11300,Potomac Oaks Drive,Rockville,MD,20850,39.0825641,-77.2294235
11301,Potomac Oaks Drive,Rockville,MD,20850,39.0830069,-77.2296256
11302,Potomac Oaks Drive,Rockville,MD,20850,39.0825315,-77.2296705
11303,Potomac Oaks Drive,Rockville,MD,20850,39.0829167,-77.229895
11304,Potomac Oaks Drive,Rockville,MD,20850,39.0824412,-77.2299399
11305,Potomac Oaks Drive,Rockville,MD,20850,39.0828215,-77.2301196
11306,Potomac Oaks Drive,Rockville,MD,20850,39.082306,-77.2301645
11307,Potomac Oaks Drive,Rockville,MD,20850,39.0827663,-77.2303441
11309,Potomac Oaks Drive,Rockville,MD,20850,39.0826361,-77.2306136
11310,Potomac Oaks Drive,Rockville,MD,20850,39.0819504,-77.2305687
11312,Potomac Oaks Drive,Rockville,MD,20850,39.0818201,-77.2308381
11314,Potomac Oaks Drive,Rockville,MD,20850,39.0817925,-77.23113
11315,Potomac Oaks Drive,Rockville,MD,20850,39.0822803,-77.231377
11316,Potomac Oaks Drive,Rockville,MD,20850,39.0817998,-77.231377
11317,Potomac Oaks Drive,Rockville,MD,20850,39.0822701,-77.2316464
11318,Potomac Oaks Drive,Rockville,MD,20850,39.0817496,-77.2316464
11319,Potomac Oaks Drive,Rockville,MD,20850,39.0822199,-77.2319159
11400,Spice Oak Terrace,Rockville,MD,20850,39.0791452,-77.2348797
11401,Cromwood Road,Parkville,MD,20850,39.4015992,-76.5539682
11401,Potomac Oaks Drive,Rockville,MD,20850,39.0821297,-77.2321853
11402,Spice Oak Terrace,Rockville,MD,20850,39.0790374,-77.2351716
11403,Cromwood Road,Parkville,MD,20850,39.4015992,-76.5539682
11403,Potomac Oaks Drive,Rockville,MD,20850,39.0821096,-77.2323649
11403,Spice Oak Terrace,Rockville,MD,20850,39.0795852,-77.2355982
11404,Spice Oak Terrace,Rockville,MD,20850,39.0790948,-77.2355084
11405,Cromwood Road,Parkville,MD,20850,39.4015992,-76.5539682
11405,Potomac Oaks Drive,Rockville,MD,20850,39.0820419,-77.2326568
11405,Spice Oak Terrace,Rockville,MD,20850,39.07935,-77.2356431
11406,Potomac Oaks Drive,Rockville,MD,20850,39.0814837,-77.2328589
11407,Cromwood Road,Parkville,MD,20850,39.4015992,-76.5539682
11407,Potomac Oaks Drive,Rockville,MD,20850,39.0819692,-77.2329038
11408,Potomac Oaks Drive,Rockville,MD,20850,39.0814285,-77.2330835
11409,Cromwood Road,Parkville,MD,20850,39.4015992,-76.5539682
11409,Potomac Oaks Drive,Rockville,MD,20850,39.081914,-77.2331284
11411,Cromwood Road,Parkville,MD,20850,39.4015992,-76.5539682
11411,Potomac Oaks Drive,Rockville,MD,20850,39.0817787,-77.2333529
11413,Cromwood Road,Parkville,MD,20850,39.4015992,-76.5539682
11413,Potomac Oaks Drive,Rockville,MD,20850,39.0817285,-77.2336223
11415,Potomac Oaks Drive,Rockville,MD,20850,39.0817534,-77.2338469
11417,Potomac Oaks Drive,Rockville,MD,20850,39.081961,-77.2340939
11419,Potomac Oaks Drive,Rockville,MD,20850,39.0820337,-77.2338469
11421,Potomac Oaks Drive,Rockville,MD,20850,39.0821239,-77.2335774
11423,Potomac Oaks Drive,Rockville,MD,20850,39.0822191,-77.2333529
11425,Potomac Oaks Drive,Rockville,MD,20850,39.0822743,-77.2331284
11427,Potomac Oaks Drive,Rockville,MD,20850,39.0823245,-77.2328589
11429,Potomac Oaks Drive,Rockville,MD,20850,39.0823697,-77.2325446
11431,Potomac Oaks Drive,Rockville,MD,20850,39.0824024,-77.2322976
13600,Valley Oak Cir,Rockville,MD,20850,39.0812532,-77.233308
13601,Gum Spring Dr,Rockville,MD,20850,39.0831924,-77.2291316
13602,Gum Spring Dr,Rockville,MD,20850,39.0833346,-77.2298726
13602,Pine View Lane,Rockville,MD,20850,39.077734,-77.2344307
13602,Valley Oak Cir,Rockville,MD,20850,39.081058,-77.2333529
13603,Gum Spring Dr,Rockville,MD,20850,39.0833975,-77.2291765
13603,Pine View Lane,Rockville,MD,20850,39.0779197,-77.2335774
13604,Pine View Lane,Rockville,MD,20850,39.0779143,-77.234251
13604,Valley Oak Cir,Rockville,MD,20850,39.0808727,-77.2334876
13605,Pine View Lane,Rockville,MD,20850,39.0781699,-77.2336672
13606,Pine View Lane,Rockville,MD,20850,39.078137,-77.2342735
13606,Valley Oak Cir,Rockville,MD,20850,39.0807325,-77.2336672
13607,Pine View Lane,Rockville,MD,20850,39.0784076,-77.2338244
13607,Valley Oak Cir,Rockville,MD,20850,39.080567,-77.2343408
13608,Pine View Lane,Rockville,MD,20850,39.0783797,-77.2344756
13608,Valley Oak Cir,Rockville,MD,20850,39.0805423,-77.2337571
13609,Pine View Lane,Rockville,MD,20850,39.0785777,-77.2339142
13609,Valley Oak Cir,Rockville,MD,20850,39.0803793,-77.2342735
13611,Pine View Lane,Rockville,MD,20850,39.0788153,-77.2340714
13611,Valley Oak Cir,Rockville,MD,20850,39.0802092,-77.2341837
13613,Pine View Lane,Rockville,MD,20850,39.079008,-77.2341837
13613,Valley Oak Cir,Rockville,MD,20850,39.0800166,-77.2340714
13615,Pine View Lane,Rockville,MD,20850,39.0792006,-77.2342959
13615,Valley Oak Cir,Rockville,MD,20850,39.0798415,-77.2339367
13617,Valley Oak Cir,Rockville,MD,20850,39.0796889,-77.2338244
13619,Pine View Lane,Rockville,MD,20850,39.0794157,-77.2344307
13619,Valley Oak Cir,Rockville,MD,20850,39.0794562,-77.2337121
13620,Pine View Lane,Rockville,MD,20850,39.079598,-77.2351716
13621,Pine View Lane,Rockville,MD,20850,39.0796259,-77.2345205
13621,Valley Oak Cir,Rockville,MD,20850,39.0792686,-77.2336448
13622,Pine View Lane,Rockville,MD,20850,39.0798582,-77.2353512
13623,Pine View Lane,Rockville,MD,20850,39.0798586,-77.2346327
13623,Valley Oak Cir,Rockville,MD,20850,39.079116,-77.2335325
13624,Pine View Lane,Rockville,MD,20850,39.0800785,-77.2351716
13625,Valley Oak Cir,Rockville,MD,20850,39.0789409,-77.2333978
13626,Pine View Lane,Rockville,MD,20850,39.0803187,-77.2351716
13631,Valley Oak Cir,Rockville,MD,20850,39.0786682,-77.2332855
13633,Valley Oak Cir,Rockville,MD,20850,39.0785682,-77.2331059
13635,Valley Oak Cir,Rockville,MD,20850,39.0784757,-77.232814
13637,Valley Oak Cir,Rockville,MD,20850,39.0785084,-77.232567
13639,Valley Oak Cir,Rockville,MD,20850,39.0786212,-77.23232
13641,Valley Oak Cir,Rockville,MD,20850,39.0787564,-77.2320955
13701,Valley Oak Cir,Rockville,MD,20850,39.0790419,-77.2317812
13703,Valley Oak Cir,Rockville,MD,20850,39.0791821,-77.2316015
13705,Valley Oak Cir,Rockville,MD,20850,39.0793224,-77.2314219
13707,Valley Oak Cir,Rockville,MD,20850,39.0794226,-77.2312423
13709,Valley Oak Cir,Rockville,MD,20850,39.0796204,-77.2310402
13711,Valley Oak Cir,Rockville,MD,20850,39.0797706,-77.2309504
13713,Valley Oak Cir,Rockville,MD,20850,39.0800433,-77.2310626
13715,Valley Oak Cir,Rockville,MD,20850,39.0802184,-77.2311974
13717,Valley Oak Cir,Rockville,MD,20850,39.0803187,-77.2312618
13723,Valley Oak Cir,Rockville,MD,20850,39.0805586,-77.231377
13727,Valley Oak Cir,Rockville,MD,20850,39.0807337,-77.2315117
13731,Valley Oak Cir,Rockville,MD,20850,39.0809038,-77.2316015
13735,Valley Oak Cir,Rockville,MD,20850,39.0810839,-77.2317812
13739,Valley Oak Cir,Rockville,MD,20850,39.081259,-77.2319159
13740,Valley Oak Cir,Rockville,MD,20850,39.0813813,-77.2324772
13742,Valley Oak Cir,Rockville,MD,20850,39.081569,-77.2325446
13743,Valley Oak Cir,Rockville,MD,20850,39.0814241,-77.2319608
13745,Valley Oak Cir,Rockville,MD,20850,39.0816518,-77.2320281
14200,Floral Park Drive,North Potomac,MD,20850,39.0886824,-77.2176345
14200,Platinum Drive,North Potomac,MD,20850,39.0882663,-77.2196556
14201,Floral Park Drive,North Potomac,MD,20850,39.0882747,-77.2173875
14204,Platinum Drive,North Potomac,MD,20850,39.0884764,-77.2197454
14205,Floral Park Drive,North Potomac,MD,20850,39.0884625,-77.2170956
14205,Platinum Drive,North Potomac,MD,20850,39.0887319,-77.2191616
14209,Floral Park Drive,North Potomac,MD,20850,39.0886953,-77.2168486
14209,Platinum Drive,North Potomac,MD,20850,39.0889546,-77.219184
14213,Floral Park Drive,North Potomac,MD,20850,39.0890056,-77.2167587
14213,Platinum Drive,North Potomac,MD,20850,39.0891948,-77.219184
14216,Floral Park Drive,North Potomac,MD,20850,39.0894557,-77.2172079
14217,Platinum Drive,North Potomac,MD,20850,39.0894124,-77.2191616
14220,Floral Park Drive,North Potomac,MD,20850,39.0896635,-77.2170956
14220,Platinum Drive,North Potomac,MD,20850,39.0896324,-77.2197005
14221,Floral Park Drive,North Potomac,MD,20850,39.0896387,-77.2165117
14221,Platinum Drive,North Potomac,MD,20850,39.0896076,-77.2191166
14224,Floral Park Drive,North Potomac,MD,20850,39.0898837,-77.2169159
14224,Platinum Drive,North Potomac,MD,20850,39.0898776,-77.2197454
14225,Floral Park Drive,North Potomac,MD,20850,39.0898189,-77.2163321
14225,Platinum Drive,North Potomac,MD,20850,39.0898478,-77.2191166
14226,Floral Park Drive,North Potomac,MD,20850,39.0901039,-77.2167363
14227,Floral Park Drive,North Potomac,MD,20850,39.0899991,-77.2161524
14228,Platinum Drive,North Potomac,MD,20850,39.0900552,-77.2197229
14229,Floral Park Drive,North Potomac,MD,20850,39.0901068,-77.2158605
14229,Platinum Drive,North Potomac,MD,20850,39.0900655,-77.2190942
14232,Platinum Drive,North Potomac,MD,20850,39.0902954,-77.2197229
14233,Platinum Drive,North Potomac,MD,20850,39.0902882,-77.2191166
14236,Platinum Drive,North Potomac,MD,20850,39.0905131,-77.2197005
14237,Platinum Drive,North Potomac,MD,20850,39.0904883,-77.2191166
14240,Platinum Drive,North Potomac,MD,20850,39.0907083,-77.2196556
14241,Platinum Drive,North Potomac,MD,20850,39.090706,-77.2190942
14300,Platinum Drive,North Potomac,MD,20850,39.0910861,-77.2196331
14301,Platinum Drive,North Potomac,MD,20850,39.0910838,-77.2190717
14301,Stonebridge View Drive,North Potomac,MD,20850,39.0894944,-77.2141313
14302,Stoneview Pl,North Potomac,MD,20850,39.0906966,-77.2175672
14303,Stonebridge View Drive,North Potomac,MD,20850,39.0896169,-77.2143334
14303,Stoneview Pl,North Potomac,MD,20850,39.0911543,-77.217904
14304,Platinum Drive,North Potomac,MD,20850,39.0913038,-77.2196107
14305,Platinum Drive,North Potomac,MD,20850,39.091279,-77.2190268
14305,Stonebridge View Drive,North Potomac,MD,20850,39.0897445,-77.2145804
14305,Stoneview Pl,North Potomac,MD,20850,39.0908966,-77.2179265
14307,Stonebridge View Drive,North Potomac,MD,20850,39.089907,-77.2147825
14308,Platinum Drive,North Potomac,MD,20850,39.0915039,-77.2196107
14309,Platinum Drive,North Potomac,MD,20850,39.0915142,-77.2189819
14309,Stonebridge View Drive,North Potomac,MD,20850,39.0900696,-77.2149847
14311,Stonebridge View Drive,North Potomac,MD,20850,39.0901971,-77.2152317
14313,Platinum Drive,North Potomac,MD,20850,39.091977,-77.2190044
14313,Stonebridge View Drive,North Potomac,MD,20850,39.0903947,-77.2153889
14316,Platinum Drive,North Potomac,MD,20850,39.0921795,-77.2195658
14317,Platinum Drive,North Potomac,MD,20850,39.0921947,-77.2189819
14320,Platinum Drive,North Potomac,MD,20850,39.0924372,-77.2195433
14321,Platinum Drive,North Potomac,MD,20850,39.0924349,-77.2189819
14324,Platinum Drive,North Potomac,MD,20850,39.0926774,-77.2195433
14325,Platinum Drive,North Potomac,MD,20850,39.0927101,-77.218937
14328,Platinum Drive,North Potomac,MD,20850,39.0929251,-77.219431
14329,Platinum Drive,North Potomac,MD,20850,39.0928854,-77.2187124
14332,Platinum Drive,North Potomac,MD,20850,39.0931103,-77.2192963
14336,Platinum Drive,North Potomac,MD,20850,39.0932505,-77.2191166
14400,Sylvan Glade Drive,North Potomac,MD,20850,39.0917267,-77.2126042
14401,Sylvan Glade Drive,North Potomac,MD,20850,39.0919019,-77.2123796
14402,Sylvan Glade Drive,North Potomac,MD,20850,39.0917616,-77.2129186
14403,Sylvan Glade Drive,North Potomac,MD,20850,39.0921971,-77.2125144
14404,Sylvan Glade Drive,North Potomac,MD,20850,39.0919016,-77.2130983
14405,Stonebridge View Drive,North Potomac,MD,20850,39.0919206,-77.2161524
14405,Sylvan Glade Drive,North Potomac,MD,20850,39.092262,-77.212739
14406,Sylvan Glade Drive,North Potomac,MD,20850,39.0920917,-77.2133678
14407,Sylvan Glade Drive,North Potomac,MD,20850,39.092372,-77.2130084
14408,Sylvan Glade Drive,North Potomac,MD,20850,39.0921967,-77.2135923
14409,Stonebridge View Drive,North Potomac,MD,20850,39.0920656,-77.216377
14409,Sylvan Glade Drive,North Potomac,MD,20850,39.0924721,-77.2131881
14410,Sylvan Glade Drive,North Potomac,MD,20850,39.0923417,-77.2138169
14411,Sylvan Glade Drive,North Potomac,MD,20850,39.0925771,-77.2134127
14413,Stonebridge View Drive,North Potomac,MD,20850,39.0922106,-77.2166015
14413,Sylvan Glade Drive,North Potomac,MD,20850,39.092687,-77.2136822
14414,Sylvan Glade Drive,North Potomac,MD,20850,39.0925617,-77.2143559
14415,Sylvan Glade Drive,North Potomac,MD,20850,39.0927574,-77.2137717
14417,Stonebridge View Drive,North Potomac,MD,20850,39.0923957,-77.2168261
14417,Sylvan Glade Drive,North Potomac,MD,20850,39.0928271,-77.2138618
14425,Sylvan Glade Drive,North Potomac,MD,20850,39.0930421,-77.2143559
14427,Sylvan Glade Drive,North Potomac,MD,20850,39.0931168,-77.2144699
14428,Sylvan Glade Drive,North Potomac,MD,20850,39.0927892,-77.2147825
14432,Sylvan Glade Drive,North Potomac,MD,20850,39.0929168,-77.2150296
14433,Sylvan Glade Drive,North Potomac,MD,20850,39.0932921,-77.214805
14436,Sylvan Glade Drive,North Potomac,MD,20850,39.0929292,-77.2153215
14439,Sylvan Glade Drive,North Potomac,MD,20850,39.0934597,-77.215052
14440,Sylvan Glade Drive,North Potomac,MD,20850,39.0931893,-77.2155012
14441,Sylvan Glade Drive,North Potomac,MD,20850,39.093437,-77.2153889
14500,Pebblewood Drive,North Potomac,MD,20850,39.0930173,-77.2204415
14500,Stonebridge View Drive,North Potomac,MD,20850,39.0934656,-77.2192514
14501,Pebblewood Drive,North Potomac,MD,20850,39.093125,-77.2201496
14501,Snapdragon Circle,North Potomac,MD,20850,39.0925407,-77.2170507
14504,Pebblewood Drive,North Potomac,MD,20850,39.0931948,-77.2207784
14504,Stonebridge View Drive,North Potomac,MD,20850,39.0936457,-77.219431
14505,Pebblewood Drive,North Potomac,MD,20850,39.0933602,-77.2201047
14505,Snapdragon Circle,North Potomac,MD,20850,39.0926809,-77.216871
14508,Pebblewood Drive,North Potomac,MD,20850,39.0933698,-77.2209131
14508,Stonebridge View Drive,North Potomac,MD,20850,39.094236,-77.2197005
14509,Pebblewood Drive,North Potomac,MD,20850,39.0935552,-77.2204191
14509,Snapdragon Circle,North Potomac,MD,20850,39.0928161,-77.2166465
14512,Pebblewood Drive,North Potomac,MD,20850,39.0935049,-77.2210478
14513,Snapdragon Circle,North Potomac,MD,20850,39.0929112,-77.2164219
14513,Stonebridge View Drive,North Potomac,MD,20850,39.0946165,-77.2191616
14516,Pebblewood Drive,North Potomac,MD,20850,39.0940578,-77.2211601
14517,Snapdragon Circle,North Potomac,MD,20850,39.0931265,-77.2161973
14517,Stonebridge View Drive,North Potomac,MD,20850,39.0948792,-77.219184
14519,Stonebridge View Drive,North Potomac,MD,20850,39.0937927,-77.2191539
14520,Pebblewood Drive,North Potomac,MD,20850,39.0943079,-77.2212499
14523,Pebblewood Drive,North Potomac,MD,20850,39.0945584,-77.2206212
14524,Pebblewood Drive,North Potomac,MD,20850,39.0945156,-77.2211377
14527,Pebblewood Drive,North Potomac,MD,20850,39.0947273,-77.2204303
14527,Snapdragon Circle,North Potomac,MD,20850,39.0940196,-77.2164893
14528,Pebblewood Drive,North Potomac,MD,20850,39.0946883,-77.2210703
14531,Snapdragon Circle,North Potomac,MD,20850,39.0942221,-77.2166914
14532,Pebblewood Drive,North Potomac,MD,20850,39.094931,-77.2209131
14535,Snapdragon Circle,North Potomac,MD,20850,39.0943897,-77.2169384
14536,Pebblewood Drive,North Potomac,MD,20850,39.0950712,-77.2207335
14537,Pebblewood Drive,North Potomac,MD,20850,39.0949013,-77.2202843
14540,Pebblewood Drive,North Potomac,MD,20850,39.0952114,-77.2205538
14544,Pebblewood Drive,North Potomac,MD,20850,39.0953466,-77.2203293
14547,Pebblewood Drive,North Potomac,MD,20850,39.0950765,-77.2200598
14548,Pebblewood Drive,North Potomac,MD,20850,39.0954592,-77.2200822
14552,Pebblewood Drive,North Potomac,MD,20850,39.095384,-77.219717
14600,Pebblewood Drive,North Potomac,MD,20850,39.0954971,-77.2191616
14600,Pinto Ln,Rockville,MD,20850,39.0958202,-77.2108974
14600,Pommel Dr,Rockville,MD,20850,39.0949546,-77.2110322
14601,Pebblewood Drive,North Potomac,MD,20850,39.0950919,-77.2191166
14601,Pinto Ln,Rockville,MD,20850,39.0958253,-77.210583
14601,Pommel Dr,Rockville,MD,20850,39.0953199,-77.2107178
14601,Snapdragon Circle,North Potomac,MD,20850,39.0944821,-77.2172303
14603,Pommel Dr,Rockville,MD,20850,39.0953513,-77.2108414
14603,Snapdragon Circle,North Potomac,MD,20850,39.0945415,-77.2174094
14604,Pebblewood Drive,North Potomac,MD,20850,39.0955423,-77.2188472
14604,Pinto Ln,Rockville,MD,20850,39.0960053,-77.211122
14604,Pommel Dr,Rockville,MD,20850,39.0950646,-77.2113017
14605,Pebblewood Drive,North Potomac,MD,20850,39.0949894,-77.2187349
14605,Pinto Ln,Rockville,MD,20850,39.0960455,-77.2104034
14605,Snapdragon Circle,North Potomac,MD,20850,39.0945571,-77.2175447
14608,Pebblewood Drive,North Potomac,MD,20850,39.0954373,-77.2186226
14608,Pinto Ln,Rockville,MD,20850,39.0962905,-77.2111669
14608,Pommel Dr,Rockville,MD,20850,39.0952096,-77.2115263
14609,Pebblewood Drive,North Potomac,MD,20850,39.0951822,-77.2184879
14609,Pinto Ln,Rockville,MD,20850,39.0962606,-77.2105381
14609,Pommel Dr,Rockville,MD,20850,39.0955799,-77.2112568
14609,Snapdragon Circle,North Potomac,MD,20850,39.0944767,-77.2182633
14612,Pinto Ln,Rockville,MD,20850,39.0965006,-77.2112568
14612,Pommel Dr,Rockville,MD,20850,39.0953947,-77.2117508
14613,Pinto Ln,Rockville,MD,20850,39.0965032,-77.2107402
14613,Pommel Dr,Rockville,MD,20850,39.0958,-77.2114364
14614,Pommel Dr,Rockville,MD,20850,39.0954884,-77.2118806
14615,Pinto Ln,Rockville,MD,20850,39.0968609,-77.2108974
14616,Pinto Ln,Rockville,MD,20850,39.0967107,-77.2113466
14616,Pommel Dr,Rockville,MD,20850,39.0955747,-77.2119305
14619,Pommel Dr,Rockville,MD,20850,39.0960952,-77.2115712
14620,Pinto Ln,Rockville,MD,20850,39.0969208,-77.2114364
14620,Pommel Dr,Rockville,MD,20850,39.0957848,-77.2120203
14621,Snapdragon Circle,North Potomac,MD,20850,39.0940762,-77.2189819
14623,Pommel Dr,Rockville,MD,20850,39.0963453,-77.211661
14624,Pinto Ln,Rockville,MD,20850,39.097156,-77.2113915
14624,Pommel Dr,Rockville,MD,20850,39.0959999,-77.2121551
14627,Pinto Ln,Rockville,MD,20850,39.0972112,-77.2108076
14627,Pommel Dr,Rockville,MD,20850,39.0965704,-77.2118856
14628,Pinto Ln,Rockville,MD,20850,39.0973812,-77.2112568
14628,Pommel Dr,Rockville,MD,20850,39.0962501,-77.2122449
14631,Pinto Ln,Rockville,MD,20850,39.0975065,-77.210583
14631,Pommel Dr,Rockville,MD,20850,39.0968206,-77.2119754
14632,Pinto Ln,Rockville,MD,20850,39.0975263,-77.211122
14632,Pommel Dr,Rockville,MD,20850,39.0964302,-77.2124246
14635,Pommel Dr,Rockville,MD,20850,39.0970357,-77.2121102
14636,Pinto Ln,Rockville,MD,20850,39.0978415,-77.2110771
14636,Pommel Dr,Rockville,MD,20850,39.0966803,-77.2125144
14639,Pinto Ln,Rockville,MD,20850,39.0981718,-77.2108076
14639,Pommel Dr,Rockville,MD,20850,39.0973308,-77.2122449
14640,Pommel Dr,Rockville,MD,20850,39.0968954,-77.2126491
14643,Pinto Ln,Rockville,MD,20850,39.0982818,-77.2110771
14644,Pinto Ln,Rockville,MD,20850,39.0980466,-77.2114813
14647,Pinto Ln,Rockville,MD,20850,39.0984619,-77.2112568
14700,Pinto Ln,Rockville,MD,20850,39.0983115,-77.2120652
14701,Pinto Ln,Rockville,MD,20850,39.0987219,-77.2117957
14701,Pommel Dr,Rockville,MD,20850,39.0978061,-77.2125593
14704,Pinto Ln,Rockville,MD,20850,39.0984616,-77.2123347
14705,Pinto Ln,Rockville,MD,20850,39.0988419,-77.2121551
14705,Pommel Dr,Rockville,MD,20850,39.0979861,-77.212739
14708,Pinto Ln,Rockville,MD,20850,39.0984965,-77.2126491
14709,Pinto Ln,Rockville,MD,20850,39.0990044,-77.2123572
14709,Pommel Dr,Rockville,MD,20850,39.0981662,-77.2129186
14710,Pommel Dr,Rockville,MD,20850,39.0978909,-77.2133228
14713,Pinto Ln,Rockville,MD,20850,39.0989818,-77.212694
14713,Pommel Dr,Rockville,MD,20850,39.0982812,-77.213233
14714,Pinto Ln,Rockville,MD,20850,39.0987616,-77.2128737
14717,Pommel Dr,Rockville,MD,20850,39.0983061,-77.2134576
14720,Pommel Dr,Rockville,MD,20850,39.0978957,-77.2137271
14721,Pommel Dr,Rockville,MD,20850,39.0982835,-77.2137944
14725,Pommel Dr,Rockville,MD,20850,39.0982108,-77.2140415
14729,Pommel Dr,Rockville,MD,20850,39.0980757,-77.214266
14730,Pommel Dr,Rockville,MD,20850,39.0977656,-77.2139966
14733,Pommel Dr,Rockville,MD,20850,39.0980656,-77.2145355
14734,Pommel Dr,Rockville,MD,20850,39.0976354,-77.214266
14737,Pommel Dr,Rockville,MD,20850,39.0979754,-77.214805
14738,Pommel Dr,Rockville,MD,20850,39.0975052,-77.2145355
14741,Pommel Dr,Rockville,MD,20850,39.0976827,-77.2148724
